{"cameraMode":{"drawMode":0,"name":"Shaded","section":"Shading Mode"},"sceneLighting":false,"audioPlay":false,"sceneViewState":{"showFog":true,"showMaterialUpdate":false,"showSkybox":false,"showFlares":true,"showImageEffects":true,"showParticleSystems":true},"in2DMode":false,"pivot":{"x":-3.000000476837158,"y":4.125,"z":4.500004291534424},"rotation":{"x":0.10924776643514633,"y":0.12933318316936494,"z":-0.014338521286845208,"w":0.985461950302124},"size":8.559541702270508,"orthographic":false}