{"cameraMode":{"drawMode":0,"name":"Shaded","section":"Shading Mode"},"sceneLighting":false,"audioPlay":false,"sceneViewState":{"showFog":true,"showMaterialUpdate":false,"showSkybox":true,"showFlares":true,"showImageEffects":true,"showParticleSystems":true},"in2DMode":false,"pivot":{"x":-52.7908821105957,"y":-30.98961067199707,"z":28.018165588378908},"rotation":{"x":0.20331119000911714,"y":-0.5324873328208923,"z":0.13353948295116425,"w":0.8107401132583618},"size":50.4451789855957,"orthographic":false}